provider,gpu,vram_gb,gpu_count,cpus,ram_gb,region,guaranteed_start,term_months,base_usd_per_hour,discount,calculated_usd_per_gpu_hour,checked_on,source_url,classification
Verda,H100 SXM5,80,1,30,120,not specified,not verified,1,3.9280,0.02,3.8494,2026-10-10,https://verda.com/pricing,calculated_from_published_tariff
Verda,H100 SXM5,80,1,30,120,not specified,not verified,3,3.9280,0.03,3.8102,2026-10-10,https://verda.com/pricing,calculated_from_published_tariff
Verda,H100 SXM5,80,1,30,120,not specified,not verified,6,3.9280,0.04,3.7709,2026-10-10,https://verda.com/pricing,calculated_from_published_tariff
Verda,H100 SXM5,80,1,30,120,not specified,not verified,12,3.9280,0.08,3.6138,2026-10-10,https://verda.com/pricing,calculated_from_published_tariff
Verda,H200 SXM5,141,1,44,170,not specified,not verified,1,5.1240,0.02,5.0215,2026-10-10,https://verda.com/pricing,calculated_from_published_tariff
Verda,H200 SXM5,141,1,44,170,not specified,not verified,3,5.1240,0.03,4.9703,2026-10-10,https://verda.com/pricing,calculated_from_published_tariff
Verda,H200 SXM5,141,1,44,170,not specified,not verified,6,5.1240,0.04,4.9190,2026-10-10,https://verda.com/pricing,calculated_from_published_tariff
Verda,H200 SXM5,141,1,44,170,not specified,not verified,12,5.1240,0.08,4.7141,2026-10-10,https://verda.com/pricing,calculated_from_published_tariff
Verda,A100 SXM4,80,1,22,120,not specified,not verified,1,1.8890,0.02,1.8512,2026-10-10,https://verda.com/pricing,calculated_from_published_tariff
Verda,A100 SXM4,80,1,22,120,not specified,not verified,3,1.8890,0.03,1.8323,2026-10-10,https://verda.com/pricing,calculated_from_published_tariff
Verda,A100 SXM4,80,1,22,120,not specified,not verified,6,1.8890,0.04,1.8134,2026-10-10,https://verda.com/pricing,calculated_from_published_tariff
Verda,A100 SXM4,80,1,22,120,not specified,not verified,12,1.8890,0.08,1.7379,2026-10-10,https://verda.com/pricing,calculated_from_published_tariff
